2026-06-27_10-39-31,0,main.go:2026-06-27_10-39-31
2026-06-27_10-48-10,0,main.go:2026-06-27_10-48-10
2026-06-27_10-49-13,0,main.go:2026-06-27_10-49-13
2026-06-27_10-50-37,0,main.go:2026-06-27_10-50-37
2026-06-27_10-51-57,0,main.go:2026-06-27_10-51-57
2026-06-27_10-55-36,0,main.go:2026-06-27_10-55-36
2026-06-27_10-56-18,0,main.go:2026-06-27_10-56-18
2026-06-27_10-56-54,0,main.go:2026-06-27_10-56-54
2026-06-27_10-58-41,0,main.go:2026-06-27_10-58-41
2026-06-27_10-58-59,0,main.go:2026-06-27_10-58-41
2026-06-27_10-58-59,0,main.go:2026-06-27_10-58-41
2026-06-27_10-59-33,0,main.go:2026-06-27_10-59-33
2026-06-27_11-00-29,0,main.go:2026-06-27_11-00-29
2026-06-27_11-03-31,14,main.go:2026-06-27_11-03-31
2026-06-27_11-04-09,14,main.go:2026-06-27_11-04-09
2026-06-27_11-05-12,0,main.go:2026-06-27_11-05-12
2026-06-27_11-06-10,0,main.go:2026-06-27_11-06-10
2026-06-27_11-07-50,---,main.go:2026-06-27_11-07-50
2026-06-27_11-08-06,14,main.go:2026-06-27_11-08-06
2026-06-27_11-08-20,0,main.go:2026-06-27_11-08-20
2026-06-27_11-09-16,0,main.go:2026-06-27_11-09-16
2026-06-27_11-09-57,0,main.go:2026-06-27_11-09-57
2026-06-27_11-10-50,0,main.go:2026-06-27_11-10-50
2026-06-27_11-12-30,100,main.go:2026-06-27_11-12-30
