2026-03-24_10-25-15,0,draft.go:2026-03-24_10-25-15
2026-03-24_10-25-20,---,draft.go:2026-03-24_10-25-15
2026-03-24_10-26-46,---,draft.go:2026-03-24_10-26-46
2026-03-24_10-27-30,---,draft.go:2026-03-24_10-27-30
2026-03-24_10-28-07,---,draft.go:2026-03-24_10-28-07
2026-03-24_10-28-24,---,draft.go:2026-03-24_10-28-24
2026-03-24_11-05-50,0,draft.go:2026-03-24_11-05-50
2026-03-31_07-56-09,0,draft.go:2026-03-31_07-56-09
2026-03-31_08-06-46,100,draft.go:2026-03-31_08-06-46
2026-05-24_09-31-13,0,draft.go:2026-05-24_09-31-13
2026-05-24_09-36-20,0,draft.go:2026-05-24_09-36-20
2026-05-24_09-36-58,0,draft.go:2026-05-24_09-36-58
2026-05-24_09-43-09,0,draft.go:2026-05-24_09-43-09
2026-05-24_09-45-01,0,draft.go:2026-05-24_09-45-01
2026-05-24_09-45-22,0,draft.go:2026-05-24_09-45-22
2026-05-24_09-48-14,0,draft.go:2026-05-24_09-48-14
2026-05-24_10-03-27,0,draft.go:2026-05-24_10-03-27
2026-05-24_10-03-53,0,draft.go:2026-05-24_10-03-53
2026-05-24_10-04-03,0,draft.go:2026-05-24_10-04-03
2026-05-24_10-04-45,0,draft.go:2026-05-24_10-04-03
2026-05-24_10-05-09,0,draft.go:2026-05-24_10-05-09
2026-05-24_10-05-16,0,draft.go:2026-05-24_10-05-16
2026-05-24_10-05-38,0,draft.go:2026-05-24_10-05-38
2026-05-24_10-06-04,0,draft.go:2026-05-24_10-06-04
2026-05-24_10-06-32,0,draft.go:2026-05-24_10-06-32
2026-05-24_10-06-57,0,draft.go:2026-05-24_10-06-57
2026-05-24_10-07-06,0,draft.go:2026-05-24_10-07-06
2026-05-24_10-07-15,---,draft.go:2026-05-24_10-07-06
2026-05-24_10-08-14,0,draft.go:2026-05-24_10-08-14
2026-05-24_10-08-40,0,draft.go:2026-05-24_10-08-40
2026-05-24_10-12-55,0,draft.go:2026-05-24_10-12-55
2026-05-24_10-30-43,0,draft.go:2026-05-24_10-30-43
2026-05-24_10-31-20,33,draft.go:2026-05-24_10-31-20
2026-05-24_10-33-01,100,draft.go:2026-05-24_10-33-01
