2026-05-27_19-54-43,0,draft.go:2026-05-27_19-54-43
2026-05-27_19-54-43,0,draft.go:2026-05-27_19-54-43
2026-05-27_19-54-44,0,draft.go:2026-05-27_19-54-44
2026-05-27_19-54-44,0,draft.go:2026-05-27_19-54-44
2026-05-27_19-54-44,0,draft.go:2026-05-27_19-54-44
2026-05-27_19-54-45,0,draft.go:2026-05-27_19-54-44
2026-05-27_19-54-46,0,draft.go:2026-05-27_19-54-44
2026-05-27_19-54-46,0,draft.go:2026-05-27_19-54-44
2026-05-27_19-57-31,0,draft.go:2026-05-27_19-57-31
2026-05-27_19-58-01,0,draft.go:2026-05-27_19-58-01
2026-05-27_19-59-11,0,draft.go:2026-05-27_19-59-11
2026-05-27_19-59-25,---,draft.go:2026-05-27_19-59-11
