2026-06-04_13-03-01,0,main.go:2026-06-04_13-03-01
2026-06-04_13-37-12,0,main.go:2026-06-04_13-37-12
2026-06-04_13-39-58,33,main.go:2026-06-04_13-39-58
2026-06-04_13-43-52,33,main.go:2026-06-04_13-43-52
2026-06-04_13-44-17,33,main.go:2026-06-04_13-44-17
2026-06-04_13-44-56,66,main.go:2026-06-04_13-44-56
2026-06-04_13-47-53,66,main.go:2026-06-04_13-47-53
2026-06-04_13-48-10,---,main.go:2026-06-04_13-47-53
2026-06-04_13-49-14,66,main.go:2026-06-04_13-49-14
2026-06-04_13-50-02,100,main.go:2026-06-04_13-50-02
2026-06-04_13-51-16,100,main.go:2026-06-04_13-51-16
