2026-05-19_10-29-18,---,main.go:2026-05-19_10-29-18;stack.go:2026-05-19_10-29-18
2026-06-26_18-48-04,0,main.go:2026-06-26_18-48-04;stack.go:2026-05-19_10-29-18
2026-06-26_18-48-43,0,main.go:2026-06-26_18-48-43;stack.go:2026-05-19_10-29-18
2026-06-26_18-50-53,0,main.go:2026-06-26_18-50-53;stack.go:2026-05-19_10-29-18
2026-06-26_18-54-34,0,main.go:2026-06-26_18-54-34;stack.go:2026-05-19_10-29-18
2026-06-26_19-00-53,0,main.go:2026-06-26_19-00-53;stack.go:2026-05-19_10-29-18
2026-06-26_19-02-18,0,main.go:2026-06-26_19-02-18;stack.go:2026-05-19_10-29-18
2026-06-26_19-04-36,0,main.go:2026-06-26_19-04-36;stack.go:2026-05-19_10-29-18
2026-06-26_19-07-05,0,main.go:2026-06-26_19-07-05;stack.go:2026-05-19_10-29-18
2026-06-26_19-08-08,0,main.go:2026-06-26_19-08-08;stack.go:2026-05-19_10-29-18
2026-06-26_19-12-53,0,main.go:2026-06-26_19-12-53;stack.go:2026-05-19_10-29-18
2026-06-26_19-15-11,100,main.go:2026-06-26_19-15-11;stack.go:2026-05-19_10-29-18
