2026-03-14_17-34-02,---,draft.go:2026-03-14_17-34-02
2026-03-14_17-34-50,75,draft.go:2026-03-14_17-34-02
2026-03-14_17-35-16,100,draft.go:2026-03-14_17-35-16
2026-03-29_13-28-26,---,draft.go:2026-03-29_13-28-26
2026-03-29_13-28-57,100,draft.go:2026-03-29_13-28-26
2026-04-11_12-14-40,0,draft.go:2026-04-11_12-14-40
2026-04-11_12-17-18,0,draft.go:2026-04-11_12-17-18
2026-04-11_13-04-03,25,draft.go:2026-04-11_13-04-03
2026-04-11_13-07-37,25,draft.go:2026-04-11_13-07-37
2026-04-11_13-10-31,25,draft.go:2026-04-11_13-10-31
2026-04-11_13-11-44,25,draft.go:2026-04-11_13-11-44
2026-04-11_13-13-30,25,draft.go:2026-04-11_13-13-30
2026-04-11_13-15-39,100,draft.go:2026-04-11_13-15-39
