2026-03-31_12-43-42,85,shell.go:2026-03-31_12-43-42
2026-03-31_12-48-15,0,shell.go:2026-03-31_12-48-15
2026-03-31_12-48-49,0,shell.go:2026-03-31_12-48-49
2026-03-31_12-49-46,0,shell.go:2026-03-31_12-49-46
2026-03-31_12-50-04,0,shell.go:2026-03-31_12-50-04
2026-03-31_12-50-25,0,shell.go:2026-03-31_12-50-25
2026-03-31_12-51-03,0,shell.go:2026-03-31_12-51-03
2026-03-31_12-51-14,0,shell.go:2026-03-31_12-51-14
2026-03-31_12-54-03,85,shell.go:2026-03-31_12-54-03
2026-03-31_12-54-42,85,shell.go:2026-03-31_12-54-42
2026-03-31_12-57-51,100,shell.go:2026-03-31_12-57-51
2026-03-31_12-58-56,100,shell.go:2026-03-31_12-57-51
2026-03-31_12-59-00,---,shell.go:2026-03-31_12-57-51
2026-03-31_13-02-35,100,shell.go:2026-03-31_12-57-51
2026-03-31_13-02-41,---,shell.go:2026-03-31_12-57-51
